Date,Content,Video title,Video publish time,Views
2023-09-30,GX33haiJ8j8,MUNGKIN ADA BAKAT DI NI GAME,"Oct 2, 2023",0
2023-10-01,GX33haiJ8j8,MUNGKIN ADA BAKAT DI NI GAME,"Oct 2, 2023",14
2023-10-02,GX33haiJ8j8,MUNGKIN ADA BAKAT DI NI GAME,"Oct 2, 2023",85
2023-10-03,GX33haiJ8j8,MUNGKIN ADA BAKAT DI NI GAME,"Oct 2, 2023",43
2023-10-04,GX33haiJ8j8,MUNGKIN ADA BAKAT DI NI GAME,"Oct 2, 2023",15
2023-10-05,GX33haiJ8j8,MUNGKIN ADA BAKAT DI NI GAME,"Oct 2, 2023",1
2023-10-06,GX33haiJ8j8,MUNGKIN ADA BAKAT DI NI GAME,"Oct 2, 2023",0
2023-10-07,GX33haiJ8j8,MUNGKIN ADA BAKAT DI NI GAME,"Oct 2, 2023",0
2023-10-08,GX33haiJ8j8,MUNGKIN ADA BAKAT DI NI GAME,"Oct 2, 2023",0
2023-10-09,GX33haiJ8j8,MUNGKIN ADA BAKAT DI NI GAME,"Oct 2, 2023",0
2023-10-10,GX33haiJ8j8,MUNGKIN ADA BAKAT DI NI GAME,"Oct 2, 2023",1
2023-10-11,GX33haiJ8j8,MUNGKIN ADA BAKAT DI NI GAME,"Oct 2, 2023",0
2023-10-12,GX33haiJ8j8,MUNGKIN ADA BAKAT DI NI GAME,"Oct 2, 2023",0
2023-10-13,GX33haiJ8j8,MUNGKIN ADA BAKAT DI NI GAME,"Oct 2, 2023",0
2023-10-14,GX33haiJ8j8,MUNGKIN ADA BAKAT DI NI GAME,"Oct 2, 2023",1
2023-10-15,GX33haiJ8j8,MUNGKIN ADA BAKAT DI NI GAME,"Oct 2, 2023",0
2023-10-16,GX33haiJ8j8,MUNGKIN ADA BAKAT DI NI GAME,"Oct 2, 2023",0
2023-10-17,GX33haiJ8j8,MUNGKIN ADA BAKAT DI NI GAME,"Oct 2, 2023",0
2023-10-18,GX33haiJ8j8,MUNGKIN ADA BAKAT DI NI GAME,"Oct 2, 2023",0
2023-10-19,GX33haiJ8j8,MUNGKIN ADA BAKAT DI NI GAME,"Oct 2, 2023",0
2023-10-20,GX33haiJ8j8,MUNGKIN ADA BAKAT DI NI GAME,"Oct 2, 2023",1
2023-10-21,GX33haiJ8j8,MUNGKIN ADA BAKAT DI NI GAME,"Oct 2, 2023",0
2023-10-22,GX33haiJ8j8,MUNGKIN ADA BAKAT DI NI GAME,"Oct 2, 2023",0
2023-10-23,GX33haiJ8j8,MUNGKIN ADA BAKAT DI NI GAME,"Oct 2, 2023",0
2023-10-24,GX33haiJ8j8,MUNGKIN ADA BAKAT DI NI GAME,"Oct 2, 2023",0
2023-10-25,GX33haiJ8j8,MUNGKIN ADA BAKAT DI NI GAME,"Oct 2, 2023",0
2023-10-26,GX33haiJ8j8,MUNGKIN ADA BAKAT DI NI GAME,"Oct 2, 2023",0
2023-10-27,GX33haiJ8j8,MUNGKIN ADA BAKAT DI NI GAME,"Oct 2, 2023",0
2023-09-30,VHYI__iyLgQ,Ramadhan Tiba (Upin Ipin),"Apr 23, 2020",609
2023-10-01,VHYI__iyLgQ,Ramadhan Tiba (Upin Ipin),"Apr 23, 2020",465
2023-10-02,VHYI__iyLgQ,Ramadhan Tiba (Upin Ipin),"Apr 23, 2020",423
2023-10-03,VHYI__iyLgQ,Ramadhan Tiba (Upin Ipin),"Apr 23, 2020",428
2023-10-04,VHYI__iyLgQ,Ramadhan Tiba (Upin Ipin),"Apr 23, 2020",442
2023-10-05,VHYI__iyLgQ,Ramadhan Tiba (Upin Ipin),"Apr 23, 2020",450
2023-10-06,VHYI__iyLgQ,Ramadhan Tiba (Upin Ipin),"Apr 23, 2020",557
2023-10-07,VHYI__iyLgQ,Ramadhan Tiba (Upin Ipin),"Apr 23, 2020",577
2023-10-08,VHYI__iyLgQ,Ramadhan Tiba (Upin Ipin),"Apr 23, 2020",505
2023-10-09,VHYI__iyLgQ,Ramadhan Tiba (Upin Ipin),"Apr 23, 2020",681
2023-10-10,VHYI__iyLgQ,Ramadhan Tiba (Upin Ipin),"Apr 23, 2020",497
2023-10-11,VHYI__iyLgQ,Ramadhan Tiba (Upin Ipin),"Apr 23, 2020",478
2023-10-12,VHYI__iyLgQ,Ramadhan Tiba (Upin Ipin),"Apr 23, 2020",688
2023-10-13,VHYI__iyLgQ,Ramadhan Tiba (Upin Ipin),"Apr 23, 2020",824
2023-10-14,VHYI__iyLgQ,Ramadhan Tiba (Upin Ipin),"Apr 23, 2020",1198
2023-10-15,VHYI__iyLgQ,Ramadhan Tiba (Upin Ipin),"Apr 23, 2020",983
2023-10-16,VHYI__iyLgQ,Ramadhan Tiba (Upin Ipin),"Apr 23, 2020",802
2023-10-17,VHYI__iyLgQ,Ramadhan Tiba (Upin Ipin),"Apr 23, 2020",675
2023-10-18,VHYI__iyLgQ,Ramadhan Tiba (Upin Ipin),"Apr 23, 2020",721
2023-10-19,VHYI__iyLgQ,Ramadhan Tiba (Upin Ipin),"Apr 23, 2020",575
2023-10-20,VHYI__iyLgQ,Ramadhan Tiba (Upin Ipin),"Apr 23, 2020",728
2023-10-21,VHYI__iyLgQ,Ramadhan Tiba (Upin Ipin),"Apr 23, 2020",528
2023-10-22,VHYI__iyLgQ,Ramadhan Tiba (Upin Ipin),"Apr 23, 2020",588
2023-10-23,VHYI__iyLgQ,Ramadhan Tiba (Upin Ipin),"Apr 23, 2020",709
2023-10-24,VHYI__iyLgQ,Ramadhan Tiba (Upin Ipin),"Apr 23, 2020",654
2023-10-25,VHYI__iyLgQ,Ramadhan Tiba (Upin Ipin),"Apr 23, 2020",600
2023-10-26,VHYI__iyLgQ,Ramadhan Tiba (Upin Ipin),"Apr 23, 2020",555
2023-10-27,VHYI__iyLgQ,Ramadhan Tiba (Upin Ipin),"Apr 23, 2020",488
2023-09-30,ZrflOA3k_X4,CEBELAPA JAGO SIH AKU,"Oct 9, 2023",0
2023-10-01,ZrflOA3k_X4,CEBELAPA JAGO SIH AKU,"Oct 9, 2023",0
2023-10-02,ZrflOA3k_X4,CEBELAPA JAGO SIH AKU,"Oct 9, 2023",0
2023-10-03,ZrflOA3k_X4,CEBELAPA JAGO SIH AKU,"Oct 9, 2023",0
2023-10-04,ZrflOA3k_X4,CEBELAPA JAGO SIH AKU,"Oct 9, 2023",0
2023-10-05,ZrflOA3k_X4,CEBELAPA JAGO SIH AKU,"Oct 9, 2023",0
2023-10-06,ZrflOA3k_X4,CEBELAPA JAGO SIH AKU,"Oct 9, 2023",0
2023-10-07,ZrflOA3k_X4,CEBELAPA JAGO SIH AKU,"Oct 9, 2023",0
2023-10-08,ZrflOA3k_X4,CEBELAPA JAGO SIH AKU,"Oct 9, 2023",50
2023-10-09,ZrflOA3k_X4,CEBELAPA JAGO SIH AKU,"Oct 9, 2023",22
2023-10-10,ZrflOA3k_X4,CEBELAPA JAGO SIH AKU,"Oct 9, 2023",19
2023-10-11,ZrflOA3k_X4,CEBELAPA JAGO SIH AKU,"Oct 9, 2023",13
2023-10-12,ZrflOA3k_X4,CEBELAPA JAGO SIH AKU,"Oct 9, 2023",17
2023-10-13,ZrflOA3k_X4,CEBELAPA JAGO SIH AKU,"Oct 9, 2023",0
2023-10-14,ZrflOA3k_X4,CEBELAPA JAGO SIH AKU,"Oct 9, 2023",0
2023-10-15,ZrflOA3k_X4,CEBELAPA JAGO SIH AKU,"Oct 9, 2023",0
2023-10-16,ZrflOA3k_X4,CEBELAPA JAGO SIH AKU,"Oct 9, 2023",0
2023-10-17,ZrflOA3k_X4,CEBELAPA JAGO SIH AKU,"Oct 9, 2023",0
2023-10-18,ZrflOA3k_X4,CEBELAPA JAGO SIH AKU,"Oct 9, 2023",0
2023-10-19,ZrflOA3k_X4,CEBELAPA JAGO SIH AKU,"Oct 9, 2023",0
2023-10-20,ZrflOA3k_X4,CEBELAPA JAGO SIH AKU,"Oct 9, 2023",0
2023-10-21,ZrflOA3k_X4,CEBELAPA JAGO SIH AKU,"Oct 9, 2023",0
2023-10-22,ZrflOA3k_X4,CEBELAPA JAGO SIH AKU,"Oct 9, 2023",0
2023-10-23,ZrflOA3k_X4,CEBELAPA JAGO SIH AKU,"Oct 9, 2023",0
2023-10-24,ZrflOA3k_X4,CEBELAPA JAGO SIH AKU,"Oct 9, 2023",0
2023-10-25,ZrflOA3k_X4,CEBELAPA JAGO SIH AKU,"Oct 9, 2023",0
2023-10-26,ZrflOA3k_X4,CEBELAPA JAGO SIH AKU,"Oct 9, 2023",0
2023-10-27,ZrflOA3k_X4,CEBELAPA JAGO SIH AKU,"Oct 9, 2023",0
2023-09-30,krRcqRh-OV4,HOTEL YANG PENUH MISTERI,"Oct 21, 2023",0
2023-10-01,krRcqRh-OV4,HOTEL YANG PENUH MISTERI,"Oct 21, 2023",0
2023-10-02,krRcqRh-OV4,HOTEL YANG PENUH MISTERI,"Oct 21, 2023",0
2023-10-03,krRcqRh-OV4,HOTEL YANG PENUH MISTERI,"Oct 21, 2023",0
2023-10-04,krRcqRh-OV4,HOTEL YANG PENUH MISTERI,"Oct 21, 2023",0
2023-10-05,krRcqRh-OV4,HOTEL YANG PENUH MISTERI,"Oct 21, 2023",0
2023-10-06,krRcqRh-OV4,HOTEL YANG PENUH MISTERI,"Oct 21, 2023",0
2023-10-07,krRcqRh-OV4,HOTEL YANG PENUH MISTERI,"Oct 21, 2023",0
2023-10-08,krRcqRh-OV4,HOTEL YANG PENUH MISTERI,"Oct 21, 2023",0
2023-10-09,krRcqRh-OV4,HOTEL YANG PENUH MISTERI,"Oct 21, 2023",0
2023-10-10,krRcqRh-OV4,HOTEL YANG PENUH MISTERI,"Oct 21, 2023",0
2023-10-11,krRcqRh-OV4,HOTEL YANG PENUH MISTERI,"Oct 21, 2023",0
2023-10-12,krRcqRh-OV4,HOTEL YANG PENUH MISTERI,"Oct 21, 2023",0
2023-10-13,krRcqRh-OV4,HOTEL YANG PENUH MISTERI,"Oct 21, 2023",0
2023-10-14,krRcqRh-OV4,HOTEL YANG PENUH MISTERI,"Oct 21, 2023",0
2023-10-15,krRcqRh-OV4,HOTEL YANG PENUH MISTERI,"Oct 21, 2023",0
2023-10-16,krRcqRh-OV4,HOTEL YANG PENUH MISTERI,"Oct 21, 2023",0
2023-10-17,krRcqRh-OV4,HOTEL YANG PENUH MISTERI,"Oct 21, 2023",0
2023-10-18,krRcqRh-OV4,HOTEL YANG PENUH MISTERI,"Oct 21, 2023",0
2023-10-19,krRcqRh-OV4,HOTEL YANG PENUH MISTERI,"Oct 21, 2023",0
2023-10-20,krRcqRh-OV4,HOTEL YANG PENUH MISTERI,"Oct 21, 2023",51
2023-10-21,krRcqRh-OV4,HOTEL YANG PENUH MISTERI,"Oct 21, 2023",1
2023-10-22,krRcqRh-OV4,HOTEL YANG PENUH MISTERI,"Oct 21, 2023",2
2023-10-23,krRcqRh-OV4,HOTEL YANG PENUH MISTERI,"Oct 21, 2023",2
2023-10-24,krRcqRh-OV4,HOTEL YANG PENUH MISTERI,"Oct 21, 2023",0
2023-10-25,krRcqRh-OV4,HOTEL YANG PENUH MISTERI,"Oct 21, 2023",1
2023-10-26,krRcqRh-OV4,HOTEL YANG PENUH MISTERI,"Oct 21, 2023",0
2023-10-27,krRcqRh-OV4,HOTEL YANG PENUH MISTERI,"Oct 21, 2023",0
2023-09-30,tWhNSPPVxKI,EMANG BOLEH SERANDOM INI,"Oct 26, 2023",0
2023-10-01,tWhNSPPVxKI,EMANG BOLEH SERANDOM INI,"Oct 26, 2023",0
2023-10-02,tWhNSPPVxKI,EMANG BOLEH SERANDOM INI,"Oct 26, 2023",0
2023-10-03,tWhNSPPVxKI,EMANG BOLEH SERANDOM INI,"Oct 26, 2023",0
2023-10-04,tWhNSPPVxKI,EMANG BOLEH SERANDOM INI,"Oct 26, 2023",0
2023-10-05,tWhNSPPVxKI,EMANG BOLEH SERANDOM INI,"Oct 26, 2023",0
2023-10-06,tWhNSPPVxKI,EMANG BOLEH SERANDOM INI,"Oct 26, 2023",0
2023-10-07,tWhNSPPVxKI,EMANG BOLEH SERANDOM INI,"Oct 26, 2023",0
2023-10-08,tWhNSPPVxKI,EMANG BOLEH SERANDOM INI,"Oct 26, 2023",0
2023-10-09,tWhNSPPVxKI,EMANG BOLEH SERANDOM INI,"Oct 26, 2023",0
2023-10-10,tWhNSPPVxKI,EMANG BOLEH SERANDOM INI,"Oct 26, 2023",0
2023-10-11,tWhNSPPVxKI,EMANG BOLEH SERANDOM INI,"Oct 26, 2023",0
2023-10-12,tWhNSPPVxKI,EMANG BOLEH SERANDOM INI,"Oct 26, 2023",0
2023-10-13,tWhNSPPVxKI,EMANG BOLEH SERANDOM INI,"Oct 26, 2023",0
2023-10-14,tWhNSPPVxKI,EMANG BOLEH SERANDOM INI,"Oct 26, 2023",0
2023-10-15,tWhNSPPVxKI,EMANG BOLEH SERANDOM INI,"Oct 26, 2023",0
2023-10-16,tWhNSPPVxKI,EMANG BOLEH SERANDOM INI,"Oct 26, 2023",0
2023-10-17,tWhNSPPVxKI,EMANG BOLEH SERANDOM INI,"Oct 26, 2023",0
2023-10-18,tWhNSPPVxKI,EMANG BOLEH SERANDOM INI,"Oct 26, 2023",0
2023-10-19,tWhNSPPVxKI,EMANG BOLEH SERANDOM INI,"Oct 26, 2023",0
2023-10-20,tWhNSPPVxKI,EMANG BOLEH SERANDOM INI,"Oct 26, 2023",0
2023-10-21,tWhNSPPVxKI,EMANG BOLEH SERANDOM INI,"Oct 26, 2023",0
2023-10-22,tWhNSPPVxKI,EMANG BOLEH SERANDOM INI,"Oct 26, 2023",0
2023-10-23,tWhNSPPVxKI,EMANG BOLEH SERANDOM INI,"Oct 26, 2023",0
2023-10-24,tWhNSPPVxKI,EMANG BOLEH SERANDOM INI,"Oct 26, 2023",0
2023-10-25,tWhNSPPVxKI,EMANG BOLEH SERANDOM INI,"Oct 26, 2023",0
2023-10-26,tWhNSPPVxKI,EMANG BOLEH SERANDOM INI,"Oct 26, 2023",69
2023-10-27,tWhNSPPVxKI,EMANG BOLEH SERANDOM INI,"Oct 26, 2023",4
